title,year,Domestic Gross (in millions),Foreign Gross (in millions),Total Gross (in millions)
Marvel's The Avengers,2012,623.4,895.5,1518.9
Avengers: Age of Ultron,2015,459.0,946.4,1405.4
Black Panther,2018,700.1,646.9,1347.0
Harry Potter and the Deathly Hallows Part 2,2011,381.0,960.5,1341.5
Star Wars: The Last Jedi,2017,620.2,712.4,1332.6
Jurassic World: Fallen Kingdom,2018,417.7,891.8,1309.5
Frozen,2013,400.7,875.7,1276.4
Beauty and the Beast (2017),2017,504.0,759.5,1263.5
Incredibles 2,2018,608.6,634.2,1242.8
Iron Man 3,2013,409.0,805.8,1214.8
Minions,2015,336.0,823.4,1159.4
Captain America: Civil War,2016,408.1,745.2,1153.3
Aquaman,2018,335.1,812.7,1147.8
Transformers: Dark of the Moon,2011,352.4,771.4,1123.8
Skyfall,2012,304.4,804.2,1108.6
Transformers: Age of Extinction,2014,245.4,858.6,1104.0
The Dark Knight Rises,2012,448.1,636.8,1084.9
Toy Story 3,2010,415.0,652.0,1067.0
Rogue One: A Star Wars Story,2016,532.2,523.9,1056.1
Pirates of the Caribbean: On Stranger Tides,2011,241.1,804.6,1045.7
Despicable Me 3,2017,264.6,770.2,1034.8
Finding Dory,2016,486.3,542.3,1028.6
Alice in Wonderland (2010),2010,334.2,691.3,1025.5
Zootopia,2016,341.3,682.5,1023.8
The Hobbit: An Unexpected Journey,2012,303.0,718.1,1021.1
Despicable Me 2,2013,368.1,602.7,970.8
The Jungle Book (2016),2016,364.0,602.5,966.5
Jumanji: Welcome to the Jungle,2017,404.5,557.6,962.1
Harry Potter and the Deathly Hallows Part 1,2010,296.0,664.3,960.3
The Hobbit: The Desolation of Smaug,2013,258.399999,700.0,958.399999
The Hobbit: The Battle of the Five Armies,2014,255.1,700.9,956.0
Star Wars: The Force Awakens,2015,936.7,0.0011316,936.7011316
Bohemian Rhapsody,2018,216.4,687.2,903.6
Spectre,2015,200.1,680.6,880.7
Spider-Man: Homecoming,2017,334.2,546.0,880.2
Ice Age: Continental Drift,2012,161.3,715.9,877.2
The Secret Life of Pets,2016,368.4,507.1,875.5
Batman v Superman: Dawn of Justice,2016,330.4,543.3,873.7
Wolf Warrior 2,2017,2.7,867.6,870.3
The Hunger Games: Catching Fire,2013,424.7,440.3,865.0
Guardians of the Galaxy Vol. 2,2017,389.8,473.9,863.7
Inside Out,2015,356.5,501.1,857.6
Venom (2018),2018,213.5,641.5,855.0
Thor: Ragnarok,2017,315.1,538.9,854.0
The Twilight Saga: Breaking Dawn Part 2,2012,292.3,537.4,829.7
Inception,2010,292.6,535.7,828.3
Wonder Woman,2017,412.6,409.3,821.9
Fantastic Beasts and Where To Find Them,2016,234.0,580.0,814.0
Coco,2017,209.7,597.4,807.1
Pirates of the Caribbean: Dead Men Tell No Tales,2017,172.6,622.3,794.9
Mission: Impossible - Fallout,2018,220.2,571.0,791.2
Fast & Furious 6,2013,238.7,550.0,788.7
Deadpool,2016,363.1,420.0,783.1
Deadpool 2,2018,318.5,460.5,779.0
Guardians of the Galaxy,2014,333.2,440.2,773.4
Maleficent,2014,241.4,517.1,758.5
The Amazing Spider-Man,2012,262.0,495.9,757.9
The Hunger Games: Mockingjay - Part 1,2014,337.1,418.2,755.3
Shrek Forever After,2010,238.7,513.9,752.6
X-Men: Days of Future Past,2014,233.9,513.9,747.8
Madagascar 3: Europe's Most Wanted,2012,216.4,530.5,746.9
Suicide Squad,2016,325.1,421.7,746.8
Monsters University,2013,268.5,475.7,744.2
Gravity,2013,274.1,449.1,723.2
Captain America: The Winter Soldier,2014,259.8,454.5,714.3
The Twilight Saga: Breaking Dawn Part 1,2011,281.3,430.9,712.2
Dawn of the Planet of the Apes,2014,208.5,502.1,710.6
The Amazing Spider-Man 2,2014,202.9,506.1,709.0
It,2017,327.5,372.9,700.4
The Twilight Saga: Eclipse,2010,300.5,398.0,698.5
Mission: Impossible - Ghost Protocol,2011,209.4,485.3,694.7
The Hunger Games,2012,408.0,286.4,694.4
Mission: Impossible - Rogue Nation,2015,195.0,487.7,682.7
Avengers: Infinity War,2018,678.8,0.0013695,678.8013695
Doctor Strange,2016,232.6,445.1,677.7
Interstellar,2014,188.0,489.4,677.4
Man of Steel,2013,291.0,377.0,668.0
Kung Fu Panda 2,2011,165.2,500.4,665.6
Justice League,2017,229.0,428.9,657.9
Big Hero 6,2014,222.5,435.3,657.8
Fantastic Beasts: The Crimes of Grindelwald,2018,159.6,494.1,653.7
The Hunger Games: Mockingjay - Part 2,2015,281.7,371.7,653.4
Jurassic World,2015,652.3,0.0010194,652.3010194
Thor: The Dark World,2013,206.4,438.2,644.6
Moana,2016,248.8,394.6,643.4
Sing,2016,270.4,363.8,634.2
The Martian,2015,228.4,401.7,630.1
Fast Five,2011,209.8,416.3,626.1
MIB 3,2012,179.0,445.0,624.0
Iron Man 2,2010,312.4,311.5,623.9
Ant-Man and the Wasp,2018,216.6,406.0,622.6
How to Train Your Dragon 2,2014,177.0,444.5,621.5
Logan (2017),2017,226.3,392.7,619.0
Life of Pi,2012,125.0,484.0,609.0
Transformers: The Last Knight,2017,130.199999,475.3,605.499999
Tangled,2010,200.8,391.0,591.8
The Croods,2013,187.2,400.0,587.2
The Hangover Part II,2011,254.5,332.3,586.8
Ready Player One,2018,137.7,445.2,582.9
Operation Red Sea,2018,1.5,577.7,579.2
Fifty Shades of Grey,2015,166.2,404.8,571.0
Kong: Skull Island,2017,168.1,398.6,566.7
The Smurfs,2011,142.6,421.1,563.7
Cars 2,2011,191.5,370.7,562.2
Puss in Boots,2011,149.3,405.7,555.0
The Mermaid (Mei ren yu),2016,3.2,550.6,553.8
Ted,2012,218.8,330.6,549.4
American Sniper,2014,350.1,197.3,547.4
Sherlock Holmes: A Game of Shadows,2011,186.8,358.6,545.4
Detective Chinatown 2,2018,2.0,542.1,544.1
X-Men: Apocalypse,2016,155.4,388.5,543.9
Cinderella (2015),2015,201.2,342.4,543.6
Despicable Me,2010,251.5,291.6,543.1
Brave,2012,237.3,303.2,540.5
World War Z,2013,202.4,337.6,540.0
The Revenant,2015,183.6,349.3,532.9
The Meg,2018,145.4,384.8,530.2
Ralph Breaks the Internet,2018,201.1,328.1,529.2
Godzilla (2014),2014,200.7,328.4,529.1
Hotel Transylvania 3: Summer Vacation,2018,167.5,361.1,528.6
The Boss Baby,2017,175.0,353.0,528.0
Dunkirk,2017,188.0,337.2,525.2
Kung Fu Panda 3,2016,143.5,377.6,521.1
Ant-Man,2015,180.2,339.1,519.3
Dr. Seuss' The Grinch (2018),2018,270.6,241.0,511.6
Rio 2,2014,131.5,368.6,500.1
How to Train Your Dragon,2010,217.6,277.3,494.9
Teenage Mutant Ninja Turtles (2014),2014,191.2,302.1,493.3
Oz The Great and Powerful,2013,234.9,258.399999,493.299999
Clash of the Titans (2010),2010,163.2,330.0,493.2
War for the Planet of the Apes,2017,146.9,343.8,490.7
Rio,2011,143.6,341.0,484.6
Rise of the Planet of the Apes,2011,176.8,305.0,481.8
Hotel Transylvania 2,2015,169.7,305.1,474.8
San Andreas,2015,155.2,318.8,474.0
Wreck-It Ralph,2012,189.4,281.8,471.2
The LEGO Movie,2014,257.8,211.4,469.2
Bumblebee,2018,127.2,340.8,468.0
Star Trek Into Darkness,2013,228.8,238.6,467.4
Lucy,2014,126.7,336.7,463.4
Thor,2011,181.0,268.3,449.3
La La Land,2016,151.1,295.0,446.1
Les Miserables (2012),2012,148.8,293.0,441.8
Terminator: Genisys,2015,89.8,350.8,440.6
The Greatest Showman,2017,174.3,260.7,435.0
A Star is Born (2018),2018,215.3,218.9,434.2
Warcraft,2016,47.4,386.3,433.7
Rampage (2018),2018,101.0,327.0,428.0
The Intouchables (U.S.-only),2012,10.2,416.4,426.6
Django Unchained,2012,162.8,262.6,425.4
The Chronicles of Narnia: The Voyage of the Dawn Treader,2010,104.4,311.3,415.7
Jason Bourne,2016,162.4,253.1,415.5
The Wolverine,2013,132.6,282.3,414.9
Kingsman: The Secret Service,2015,128.3,286.1,414.4
Pacific Rim,2013,101.8,309.2,411.0
Kingsman: The Golden Circle,2017,100.2,310.7,410.9
The King's Speech,2010,135.5,275.4,410.9
The Mummy (2017),2017,80.2,329.0,409.2
Ice Age: Collision Course,2016,64.099999,344.5,408.599999
Prometheus,2012,126.5,276.9,403.4
Tron Legacy,2010,172.1,228.0,400.1
Snow White and the Huntsman,2012,155.3,241.3,396.6
Mamma Mia! Here We Go Again,2018,120.6,274.4,395.0
Solo: A Star Wars Story,2018,213.8,179.2,393.0
The Wolf of Wall Street,2013,116.9,275.1,392.0
Independence Day: Resurgence,2016,103.1,286.5,389.6
Home (2015),2015,177.4,208.6,386.0
Monster Hunt,2016,0.0328,385.3,385.3328
Cars 3,2017,152.9,231.0,383.9
Fifty Shades Darker,2017,114.6,267.0,381.6
Mad Max: Fury Road,2015,153.6,224.8,378.4
Taken 2,2012,139.9,236.3,376.2
G.I. Joe: Retaliation,2013,122.5,253.2,375.7
Spider-Man: Into The Spider-Verse,2018,190.2,185.3,375.5
The Adventures of Tintin,2011,77.6,296.4,374.0
Penguins of Madagascar,2014,83.4,289.7,373.1
Fifty Shades Freed,2018,100.4,271.5,371.9
Captain America: The First Avenger,2011,176.7,193.9,370.6
Edge of Tomorrow,2014,100.2,270.3,370.5
Gone Girl,2014,167.8,201.6,369.4
The Nun,2018,117.5,248.1,365.6
Night at the Museum: Secret of the Tomb,2014,113.7,249.5,363.2
Noah,2014,101.2,261.399999,362.599999
The Hangover Part III,2013,112.2,249.8,362.0
Monster Hunt 2,2018,0.706,361.0,361.706
The Karate Kid,2010,176.6,182.5,359.1
Hotel Transylvania,2012,148.3,210.1,358.4
Your Name.,2017,5.0,353.0,358.0
The Legend of Tarzan,2016,126.6,230.1,356.7
X-Men: First Class,2011,146.4,207.2,353.6
The Great Gatsby (2013),2013,144.8,208.8,353.6
Furious 7,2015,353.0,0.001163,353.001163
Murder on the Orient Express (2017),2017,102.8,250.0,352.8
The Angry Birds Movie,2016,107.5,244.8,352.3
Now You See Me,2013,117.7,234.0,351.7
Peter Rabbit,2018,115.3,236.0,351.3
Mary Poppins Returns,2018,172.0,177.6,349.6
Dr. Seuss' The Lorax,2012,214.0,134.8,348.8
The Maze Runner,2014,102.4,245.9,348.3
The Smurfs 2,2013,71.0,276.5,347.5
Trolls,2016,153.7,193.2,346.9
xXx: The Return of Xander Cage,2017,44.9,301.2,346.1
Titanic 3D,2012,57.9,285.7,343.6
Star Trek Beyond,2016,158.8,184.6,343.4
Alvin and the Chipmunks: Chipwrecked,2011,133.1,209.6,342.7
A Quiet Place,2018,188.0,152.9,340.9
300: Rise of An Empire,2014,106.6,231.0,337.6
Prince of Persia: The Sands of Time,2010,90.8,245.6,336.4
Journey 2: The Mysterious Island,2012,103.9,231.4,335.3
The Great Wall,2017,45.5,289.4,334.9
Now You See Me 2,2016,65.099999,269.8,334.899999
The Good Dinosaur,2015,123.1,209.1,332.2
22 Jump Street,2014,191.7,139.6,331.3
Black Swan,2010,107.0,222.4,329.4
Taken 3,2015,89.3,237.2,326.5
The SpongeBob Movie: Sponge Out of Water,2015,163.0,162.2,325.2
Megamind,2010,148.4,173.5,321.9
Robin Hood,2010,105.3,216.4,321.7
The Conjuring 2,2016,102.5,217.9,320.4
Green Book,2018,85.1,234.7,319.8
The Last Airbender,2010,131.8,187.9,319.7
The Conjuring,2013,137.4,182.1,319.5
The Expendables 2,2012,85.0,229.9,314.9
Maze Runner: The Scorch Trials,2015,81.7,230.6,312.3
Resident Evil: The Final Chapter,2017,26.8,285.4,312.2
The LEGO Batman Movie,2017,175.8,136.2,312.0
Little Fockers,2010,148.4,162.2,310.6
The Fault in our Stars,2014,124.9,182.3,307.2
Rise of the Guardians,2012,103.4,203.5,306.9
Annabelle: Creation,2017,102.1,204.4,306.5
Wonder,2017,132.4,173.5,305.9
Wrath of the Titans,2012,83.7,221.6,305.3
Skyscraper,2018,68.4,236.4,304.8
A Good Day to Die Hard,2013,67.3,237.3,304.6
Passengers (2016),2016,100.0,203.1,303.1
Battleship,2012,65.4,237.6,303.0
Dangal,2016,12.4,290.5,302.9
Resident Evil: Afterlife,2010,60.1,240.1,300.2
Alice Through the Looking Glass,2016,77.0,222.4,299.4
Real Steel,2011,85.5,213.8,299.3
Ocean's 8,2018,140.2,157.5,297.7
The Divergent Series: Insurgent,2015,130.199999,167.1,297.299999
Miss Peregrine's Home for Peculiar Children,2016,87.2,209.2,296.4
Ferdinand,2017,84.4,211.7,296.1
Shutter Island,2010,128.0,166.8,294.8
Salt,2010,118.3,175.2,293.5
Pacific Rim Uprising,2018,59.9,231.1,291.0
Divergent,2014,150.9,137.9,288.8
Bridesmaids,2011,169.1,119.3,288.4
Sex and the City 2,2010,95.3,193.0,288.3
Maze Runner: The Death Cure,2018,58.0,230.2,288.2
Pitch Perfect 2,2015,184.3,103.2,287.5
Oblivion,2013,89.1,197.1,286.2
Elysium,2013,93.1,193.1,286.2
John Carter,2012,73.1,211.1,284.2
Turbo,2013,83.0,199.5,282.5
Split,2017,138.3,140.2,278.5
The Tourist,2010,67.6,210.7,278.3
The Bourne Legacy,2012,113.2,162.9,276.1
Mr. Peabody & Sherman,2014,111.5,164.2,275.7
Lincoln,2012,182.2,93.1,275.3
Tomb Raider,2018,58.3,216.4,274.7
The Expendables,2010,103.1,171.4,274.5
Cloudy with a Chance of Meatballs 2,2013,119.8,154.5,274.3
Grown Ups,2010,162.0,109.4,271.4
Neighbors,2014,150.2,120.5,270.7
We're the Millers,2013,150.4,119.6,270.0
Epic,2013,107.5,160.9,268.4
Exodus: Gods and Kings,2014,65.0,203.2,268.2
Paddington,2015,76.3,191.8,268.1
Knight & Day,2010,76.4,185.5,261.9
The Lone Ranger,2013,89.3,171.2,260.5
Super 8,2011,127.0,133.1,260.1
Blade Runner 2049,2017,92.1,167.2,259.3
Mojin: The Lost Legend,2015,1.2,258.1,259.3
Annabelle,2014,84.3,172.8,257.1
Lost in Hong Kong,2015,1.3,255.0,256.3
Get Out,2017,176.0,79.4,255.4
Halloween (2018),2018,159.3,96.1,255.4
Baahubali 2: The Conclusion,2017,20.2,234.0,254.2
Kung Fu Yoga,2017,0.363,253.8,254.163
True Grit,2010,171.2,81.0,252.2
American Hustle,2013,150.1,101.1,251.2
Grown Ups 2,2013,133.699999,113.3,246.999999
Journey to the West: The Demons Strike Back,2017,0.88,245.7,246.58
The Peanuts Movie,2015,130.199999,116.1,246.299999
Teenage Mutant Ninja Turtles: Out of the Shadows,2016,82.1,163.6,245.7
Rango,2011,123.5,122.2,245.7
Dark Shadows,2012,79.7,165.8,245.5
Pixels,2015,78.7,166.1,244.8
Hercules (2014),2014,72.7,172.1,244.8
After Earth,2013,60.5,183.3,243.8
Daddy's Home,2015,150.4,92.4,242.8
RoboCop (2014),2014,58.6,184.1,242.7
Assassin's Creed,2016,54.6,186.3,240.9
Alien: Covenant,2017,74.3,166.6,240.9
Sully,2016,125.1,115.7,240.8
Resident Evil: Retribution,2012,42.3,197.7,240.0
Planes,2013,90.3,149.0,239.3
Crazy Rich Asians,2018,174.5,64.0,238.5
Gulliver's Travels,2010,42.8,194.6,237.4
Silver Linings Playbook,2012,132.1,104.3,236.4
Hidden Figures,2016,169.6,66.3,235.9
Spy,2015,110.8,124.8,235.6
American Reunion,2012,57.0,178.0,235.0
Alvin and the Chipmunks: The Road Chip,2015,85.9,148.9,234.8
The Imitation Game,2014,91.1,142.4,233.5
The Girl with the Dragon Tattoo (2011),2011,102.5,130.1,232.6
Argo,2012,136.0,96.3,232.3
The Heat,2013,159.6,70.3,229.9
Ghostbusters (2016),2016,128.4,100.8,229.2
Goodbye Mr. Loser,2015,1.3,226.8,228.1
The Green Hornet,2011,98.8,129.0,227.8
Paddington 2,2018,40.9,186.4,227.3
Baby Driver,2017,107.8,119.1,226.9
Immortals,2011,83.5,143.4,226.9
Percy Jackson & The Olympians: The Lightning Thief,2010,88.8,137.7,226.5
Hansel and Gretel: Witch Hunters,2013,55.7,170.6,226.3
The Fate of the Furious,2017,226.0,0.00101,226.00101
Valerian and the City of a Thousand Planets,2017,41.2,184.7,225.9
The Social Network,2010,97.0,128.0,225.0
Non-Stop,2014,92.2,130.6,222.8
Geostorm,2017,33.7,187.9,221.6
Inferno,2016,34.3,185.7,220.0
Green Lantern,2011,116.6,103.3,219.9
Captain Phillips,2013,107.1,111.7,218.8
Jack Reacher,2012,80.1,138.3,218.4
The Emoji Movie,2017,86.1,131.699999,217.799999
Dracula Untold,2014,56.3,160.8,217.1
Central Intelligence,2016,127.4,89.5,216.9
Ted 2,2015,81.5,135.2,216.7
The Help,2011,169.7,46.9,216.6
Valentine's Day,2010,110.5,106.0,216.5
Bad Teacher,2011,100.3,115.9,216.2
The Sorcerer's Apprentice,2010,63.2,152.1,215.3
Just Go With It,2011,103.0,111.9,214.9
The Expendables 3,2014,39.3,175.3,214.6
Smallfoot,2018,83.2,130.9,214.1
Creed II,2018,115.7,98.3,214.0
Into the Woods,2014,128.0,85.1,213.1
Bridget Jones's Baby,2016,24.3,187.7,212.0
Battle: Los Angeles,2011,83.6,128.3,211.9
Fury (2014),2014,85.8,126.0,211.8
Due Date,2010,100.5,111.2,211.7
Horrible Bosses,2011,117.5,92.1,209.6
Tomorrowland,2015,93.4,115.7,209.1
Me Before You,2016,56.2,152.1,208.3
Safe House,2012,126.4,81.7,208.1
Paranormal Activity 3,2011,104.0,103.0,207.0
London Has Fallen,2016,62.5,143.2,205.7
Journey to the West,2014,0.0181,205.6,205.6181
White House Down,2013,73.1,132.3,205.4
A Dog's Purpose,2017,64.5,140.5,205.0
Eat Pray Love,2010,80.6,124.0,204.6
Everest (2015),2015,43.5,159.9,203.4
Need for Speed,2014,43.6,159.7,203.3
Arrival,2016,100.5,102.8,203.3
Straight Outta Compton,2015,161.2,40.4,201.6
Yogi Bear,2010,100.2,101.3,201.5
21 Jump Street,2012,138.4,63.1,201.5
Percy Jackson: Sea of Monsters,2013,68.6,131.3,199.9
Red,2010,90.4,108.6,199.0
Total Recall (2012),2012,58.9,139.6,198.5
Lost in Thailand,2013,0.0574,197.7,197.7574
Jack the Giant Slayer,2013,65.2,132.5,197.7
Disney's Christopher Robin,2018,99.2,98.5,197.7
Smurfs: The Lost Village,2017,45.0,152.2,197.2
The Other Woman (2014),2014,83.9,112.8,196.7
The Vow,2012,125.0,71.1,196.1
The Shape of Water,2017,63.9,131.4,195.3
The Intern,2015,75.8,118.8,194.6
Gnomeo and Juliet,2011,100.0,94.0,194.0
The Monkey King 2 in 3D,2016,0.71,193.0,193.71
The Equalizer,2014,101.5,90.8,192.3
The Equalizer 2,2018,102.1,88.3,190.4
Breakup Buddies,2014,0.778,188.2,188.978
The Secret Life of Walter Mitty,2013,58.2,129.9,188.1
12 Years a Slave,2013,56.7,131.1,187.8
Mr. Popper's Penguins,2011,68.2,119.1,187.3
Hugo,2011,73.9,111.9,185.8
The Lion King (in 3D),2011,94.2,91.3,185.5
Pitch Perfect 3,2017,104.9,80.5,185.4
Hop,2011,108.1,75.9,184.0
Jupiter Ascending,2015,47.4,136.6,184.0
Bad Moms,2016,113.3,70.7,184.0
Storks,2016,72.7,110.7,183.4
The BFG,2016,55.5,127.9,183.4
Mirror Mirror,2012,64.9,118.1,183.0
Daddy's Home 2,2017,104.0,76.6,180.6
The Impossible,2012,19.0,161.3,180.3
The Post,2017,81.9,97.9,179.8
The Dictator,2012,59.7,119.7,179.4
The Divergent Series: Allegiant,2016,66.2,113.1,179.3
Baywatch,2017,58.1,119.8,177.9
Paranormal Activity 2,2010,84.8,92.8,177.6
War Horse,2011,79.9,97.7,177.6
The Descendants,2011,82.6,94.7,177.3
The A-Team,2010,77.2,100.0,177.2
Lee Daniels' The Butler,2013,116.6,60.0,176.6
The Hitman's Bodyguard,2017,75.5,101.1,176.6
Looper,2012,66.5,110.0,176.5
Hacksaw Ridge,2016,67.2,108.1,175.3
The Grand Budapest Hotel,2014,59.3,115.5,174.8
Cowboys & Aliens,2011,100.2,74.6,174.8
Identity Thief,2013,134.5,39.5,174.0
The Nutcracker and the Four Realms,2018,54.9,119.1,174.0
In Time,2011,37.5,136.4,173.9
Creed,2015,109.8,63.8,173.6
The Girl on the Train (2016),2016,75.4,97.8,173.2
Operation Mekong,2016,0.8,172.3,173.1
The Mule,2018,103.8,68.7,172.5
Jackass 3-D,2010,117.2,54.5,171.7
Anchorman 2: The Legend Continues,2013,125.2,46.3,171.5
John Wick: Chapter Two,2017,92.0,79.5,171.5
The Other Guys,2010,119.2,51.2,170.4
Olympus Has Fallen,2013,98.9,71.3,170.2
Zookeeper,2011,80.4,89.5,169.9
Dumb and Dumber To,2014,86.2,83.6,169.8
Ghost in the Shell (2017),2017,40.6,129.199999,169.799999
Fantastic Four,2015,56.1,111.9,168.0
Insidious: The Last Key,2018,67.7,100.1,167.8
Unstoppable,2010,81.6,86.2,167.8
Magic Mike,2012,113.7,53.5,167.2
Bridge of Spies,2015,72.3,93.2,165.5
The Muppets,2011,88.6,76.6,165.2
The Huntsman: Winter's War,2016,48.4,116.6,165.0
Unbroken,2014,115.6,47.8,163.4
The Magnificent Seven (2016),2016,93.4,68.9,162.3
Jack Reacher: Never Go Back,2016,58.7,103.4,162.1
Insidious Chapter 2,2013,83.6,78.3,161.9
Flight,2012,93.8,68.0,161.8
Limitless,2011,79.2,82.6,161.8
Into The Storm,2014,47.6,114.1,161.7
The Predator (2018),2018,51.0,109.5,160.5
Johnny English Reborn,2011,8.3,151.8,160.1
Underworld Awakening,2012,62.3,97.8,160.1
Step Up 3-D,2010,42.4,116.9,159.3
"Three Billboards Outside Ebbing, Missouri",2017,54.5,104.7,159.2
Focus (2015),2015,53.9,105.2,159.1
Johnny English Strikes Again,2018,4.4,154.5,158.9
Final Destination 5,2011,42.6,115.3,157.9
Don't Breathe,2016,89.2,67.9,157.1
The Book of Eli,2010,94.8,62.3,157.1
Ip Man 3,2016,2.7,154.2,156.9
This Means War,2012,54.8,101.7,156.5
The Hateful Eight,2015,54.1,101.6,155.7
The Accountant,2016,86.3,68.9,155.2
The Monuments Men,2014,78.0,77.0,155.0
Lone Survivor,2013,125.1,29.7,154.8
Ride Along,2014,134.9,19.5,154.4
The Town,2010,92.2,61.8,154.0
Tower Heist,2011,78.0,74.9,152.9
Date Night,2010,98.7,53.6,152.3
47 Ronin,2013,38.4,113.4,151.8
Jackass Presents: Bad Grandpa,2013,102.0,49.8,151.8
Red Sparrow,2018,46.9,104.7,151.6
Planes: Fire & Rescue,2014,59.2,92.2,151.4
Midnight in Paris,2011,56.8,94.3,151.1
Duckweed,2017,0.472,150.6,151.072
Darkest Hour,2017,56.5,94.4,150.9
Gods of Egypt,2016,31.2,119.5,150.7
Happy Feet Two,2011,64.0,86.4,150.4
Goosebumps,2015,80.1,70.1,150.2
I Am Number Four,2011,55.1,94.8,149.9
Jack and Jill,2011,74.2,75.5,149.7
Friends with Benefits,2011,55.8,93.7,149.5
No Strings Attached,2011,70.7,78.6,149.3
Lights Out,2016,67.3,81.6,148.9
King Arthur: Legend of the Sword,2017,39.2,109.5,148.7
Red 2,2013,53.3,94.8,148.1
Arthur Christmas,2011,46.5,101.0,147.5
Source Code,2011,54.7,92.6,147.3
The Last Witch Hunter,2015,27.4,119.6,147.0
Mama,2013,71.6,74.8,146.4
The Secret World of Arrietty,2012,19.2,126.4,145.6
The Foreigner,2017,34.4,111.0,145.4
Pete's Dragon (2016),2016,76.2,67.5,143.7
"Crazy, Stupid, Love.",2011,84.4,58.5,142.9
Paranormal Activity 4,2012,53.9,88.9,142.8
Power Rangers (2017),2017,85.4,57.0,142.4
New Year's Eve,2011,54.5,87.5,142.0
The Taking of Tiger Mountain,2015,0.229,141.4,141.629
Trainwreck,2015,110.2,30.6,140.8
Sausage Party,2016,97.7,43.0,140.7
Girls Trip,2017,115.2,25.4,140.6
Step Up Revolution,2012,35.1,105.4,140.5
Lion,2016,51.7,88.6,140.3
Legend of the Guardians: The Owls of Ga'Hoole,2010,55.7,84.4,140.1
The Wolfman,2010,62.0,77.8,139.8
Mr. Six,2015,1.4,137.8,139.2
Let's Be Cops,2014,82.4,55.8,138.2
Escape Plan,2013,25.1,112.2,137.3
The First Purge,2018,69.5,67.5,137.0
The Best Exotic Marigold Hotel,2012,46.4,90.4,136.8
The Bounty Hunter,2010,67.099999,69.3,136.399999
Saw 3D,2010,45.7,90.4,136.1
Jack Ryan: Shadow Recruit,2014,50.6,84.9,135.5
Contagion,2011,75.7,59.8,135.5
American Made,2017,51.3,83.5,134.8
Wall Street: Money Never Sleeps,2010,52.5,82.3,134.8
Last Vegas,2013,63.9,70.5,134.4
Annie (2014),2014,85.9,47.9,133.8
Point Break (2015),2015,28.8,104.9,133.7
The Big Short,2015,70.3,63.2,133.5
The Artist,2011,44.7,88.8,133.5
Zero Dark Thirty,2012,95.7,37.1,132.8
A Wrinkle in Time,2018,100.5,32.2,132.7
Ghost Rider: Spirit of Vengeance,2012,51.8,80.8,132.6
The Three Musketeers (2011),2011,20.4,111.9,132.3
2 Guns,2013,75.6,56.3,131.9
The House With A Clock In Its Walls,2018,68.5,62.9,131.4
Unknown,2011,63.7,67.099999,130.799999
A Bad Moms Christmas,2017,72.1,58.4,130.5
Cloud Atlas,2012,27.1,103.4,130.5
The Fighter,2010,93.6,35.6,129.2
Pan,2015,35.1,93.3,128.4
Blended,2014,46.3,81.7,128.0
The Adjustment Bureau,2011,62.5,65.4,127.9
The Woman in Black,2012,54.3,73.4,127.7
Predators,2010,52.0,75.2,127.2
Chronicle (2012),2012,64.599999,62.1,126.699999
Walking with Dinosaurs,2013,36.1,90.5,126.6
This is the End,2013,101.5,24.6,126.1
Sex Tape,2014,38.5,87.5,126.0
Detective Chinatown (Tang ren jie tan an),2016,0.474,125.4,125.874
Wolf Totem,2015,0.211,125.6,125.811
Mechanic: Resurrection,2016,21.2,104.5,125.7
Captain Underpants: The First Epic Movie,2017,73.9,51.6,125.5
Ender's Game,2013,61.7,63.8,125.5
Happy Death Day,2017,55.7,69.8,125.5
Ride Along 2,2016,91.2,33.4,124.6
The Theory of Everything,2014,35.9,87.8,123.7
The LEGO Ninjago Movie,2017,59.3,63.8,123.1
The Pirates! Band of Misfits,2012,31.1,92.0,123.1
Magic Mike XXL,2015,66.0,56.5,122.5
Prisoners,2013,61.0,61.1,122.1
Secret Superstar,2017,0.0,122.0,122.0
Deepwater Horizon,2016,61.4,60.4,121.8
Dragon Blade,2015,0.0741,121.5,121.5741
The Nut Job,2014,64.3,56.6,120.9
Instant Family,2018,67.4,53.2,120.6
We Bought a Zoo,2011,75.6,44.5,120.1
The Commuter,2018,36.3,83.6,119.9
Parental Guidance,2012,77.3,42.5,119.8
Allied,2016,40.1,79.4,119.5
The Shallows,2016,55.1,64.0,119.1
The Purge: Election Year,2016,79.2,39.4,118.6
Why Him?,2016,60.3,57.8,118.1
The Wind Rises,2014,5.2,112.7,117.9
Saving Mr. Banks,2013,83.3,34.6,117.9
Pompeii,2014,23.2,94.6,117.8
Game Night,2018,69.2,48.5,117.7
Water for Elephants,2011,58.7,58.4,117.1
Warm Bodies,2013,66.4,50.6,117.0
Abraham Lincoln: Vampire Hunter,2012,37.5,79.0,116.5
Jurassic Park 3D,2013,45.4,71.1,116.5
Personal Tailor,2013,0.376,115.8,116.176
A Nightmare on Elm Street (2010),2010,63.1,52.6,115.7
Pitch Perfect,2012,65.0,50.3,115.3
The Monkey King 3,2018,0.187,114.9,115.087
Dear John,2010,80.0,35.0,115.0
The Iron Lady,2011,30.0,84.9,114.9
Finding Mr. Right 2,2016,0.0,114.7,114.7
Office Christmas Party,2016,54.8,59.7,114.5
Hope Springs,2012,63.5,50.7,114.2
Seventh Son,2015,17.2,97.0,114.2
The Dark Tower,2017,50.7,62.5,113.2
Insidious Chapter 3,2015,52.2,60.8,113.0
Cats & Dogs: The Revenge of Kitty Galore,2010,43.6,68.9,112.5
Tooth Fairy,2010,60.0,52.4,112.4
How to Be Single,2016,46.8,65.5,112.3
The Admiral: Roaring Currents,2014,2.6,109.6,112.2
The Purge: Anarchy,2014,72.0,40.0,112.0
Get Hard,2015,90.4,21.4,111.8
Free Birds,2013,55.8,54.6,110.4
Moneyball,2011,75.6,34.6,110.2
10 Cloverfield Lane,2016,72.1,38.1,110.2
The 5th Wave,2016,34.9,75.0,109.9
The Man From U.N.C.L.E.,2015,45.4,64.4,109.8
Buddies in India,2017,0.293,109.3,109.593
The Boxtrolls,2014,50.8,58.4,109.2
Sanctum,2011,23.2,85.4,108.6
Neighbors 2: Sorority Rising,2016,55.5,52.6,108.1
Paul Blart: Mall Cop 2,2015,71.0,36.6,107.6
Horrible Bosses 2,2014,54.4,53.2,107.6
ParaNorman,2012,56.0,51.1,107.1
Shaun the Sheep Movie,2015,19.4,86.8,106.2
Life as We Know It,2010,53.4,52.3,105.7
First Man,2018,44.9,60.8,105.7
Gangster Squad,2013,46.0,59.2,105.2
Hereafter,2010,32.7,72.5,105.2
Sisters,2015,87.0,18.0,105.0
The Campaign,2012,86.9,18.0,104.9
Vacation,2015,58.9,46.0,104.9
The Girl with the Dragon Tattoo,2010,10.1,94.3,104.4
Let the Bullets Fly,2012,0.063,104.3,104.363
Ouija,2014,50.9,52.7,103.6
Leap!,2017,21.9,81.4,103.3
Birdman,2014,42.3,60.9,103.2
Cold War 2,2016,0.561,102.6,103.161
Night School (2018),2018,77.3,25.8,103.1
Jigsaw,2017,38.1,64.9,103.0
Transcendence,2014,23.0,80.0,103.0
Love and Other Drugs,2010,32.4,70.5,102.9
Star Wars: Episode I - The Phantom Menace (in 3D),2012,43.5,59.3,102.8
Project X,2012,54.7,48.0,102.7
Railroad Tigers,2017,0.218,102.0,102.218
Chappie,2015,31.6,70.5,102.1
The Devil Inside,2012,53.3,48.5,101.8
"Alexander and the Terrible, Horrible, No Good, Very Bad Day",2014,67.0,34.4,101.4
Heaven is for Real,2014,91.4,9.9,101.3
Joy,2015,56.5,44.7,101.2
Tammy,2014,84.5,16.0,100.5
Life (2017),2017,30.2,70.3,100.5
P.K.,2014,10.6,89.8,100.4
Aftershock (Tangshan Dadizhen),2010,0.063,100.2,100.263
Philomena,2013,37.7,62.4,100.1
Atomic Blonde,2017,51.7,48.3,100.0
Black Mass,2015,62.6,37.2,99.8
The Book of Life (2014),2014,50.2,49.6,99.8
The Lucky One,2012,60.5,38.9,99.4
Instructions Not Included,2013,44.5,54.6,99.1
Justin Bieber: Never Say Never,2011,73.0,26.0,99.0
Devil and Angel (E Gun Tian Shi),2015,0.131,98.5,98.631
The Visit,2015,65.2,33.2,98.4
Riddick,2013,42.0,56.3,98.3
Spotlight,2015,45.1,53.2,98.3
Alpha,2018,35.9,62.3,98.2
Killers,2010,47.1,51.1,98.2
Paul,2011,37.4,60.6,98.0
A Simple Favor,2018,53.5,44.1,97.6
Safe Haven,2013,71.3,26.2,97.5
Evil Dead (2013),2013,54.2,43.3,97.5
The Little Prince,2016,1.3,96.2,97.5
Blue Jasmine,2013,33.4,64.099999,97.499999
Scream 4,2011,38.2,59.0,97.2
Insidious,2011,54.0,43.0,97.0
The Shack,2017,57.4,39.6,97.0
Contraband,2012,66.5,29.7,96.2
Kick-Ass,2010,48.1,48.1,96.2
The Favourite,2018,34.4,61.6,96.0
The Rite,2011,33.0,63.0,96.0
Think Like a Man,2012,91.5,4.5,96.0
Some Like It Hot (Qing Shung),2017,0.1,95.6,95.7
Poltergeist (2015),2015,47.4,48.0,95.4
Dolphin Tale,2011,72.3,23.1,95.4
The Mortal Instruments: City of Bones,2013,31.2,64.2,95.4
Truth or Dare,2018,41.4,53.9,95.3
Green Zone,2010,35.1,59.8,94.9
I Feel Pretty,2018,48.8,45.7,94.5
Dirty Grandpa,2016,35.6,58.5,94.1
Ben-Hur (2016),2016,26.4,67.7,94.1
Blockers,2018,60.3,33.7,94.0
In the Heart of the Sea,2015,25.0,68.9,93.9
The Internship,2013,44.7,48.8,93.5
Money Monster,2016,41.0,52.3,93.3
BlacKkKlansman,2018,49.3,44.0,93.3
Goosebumps 2: Haunted Halloween,2018,46.7,46.6,93.3
Nanny McPhee Returns,2010,29.0,64.2,93.2
Southpaw,2015,52.4,39.5,91.9
Season of the Witch,2011,24.8,66.8,91.6
Get Him to the Greek,2010,61.0,30.3,91.3
Overboard (2018),2018,50.3,40.9,91.2
Paranormal Activity: The Marked Ones,2014,32.5,58.4,90.9
Sherlock Gnomes,2018,43.2,47.1,90.3
Rush (2013),2013,26.9,63.3,90.2
Sucker Punch,2011,36.4,53.4,89.8
Burlesque,2010,39.4,50.1,89.5
The Purge,2013,64.5,24.9,89.4
Red Riding Hood,2011,37.7,51.5,89.2
The Last Song,2010,63.0,26.1,89.1
My Big Fat Greek Wedding 2,2016,59.7,29.2,88.9
The Hundred-Foot Journey,2014,54.2,34.6,88.8
John Wick,2014,43.0,45.7,88.7
Collateral Beauty,2016,31.0,57.5,88.5
The Inbetweeners Movie,2012,0.036,88.0,88.036
Dhoom 3,2013,8.0,80.0,88.0
This Is 40,2012,67.5,20.5,88.0
Deliver Us From Evil,2014,30.6,57.4,88.0
Train to Busan,2016,2.1,85.4,87.5
Tiger Zinda Hai,2017,5.6,81.8,87.4
Sultan,2016,6.2,81.1,87.3
A Million Ways to Die in the West,2014,43.1,44.1,87.2
About Time,2013,15.3,71.8,87.1
Snowpiercer,2014,4.6,82.2,86.8
Dinner for Schmucks,2010,73.0,13.8,86.8
War Dogs,2016,43.0,43.2,86.2
Step Up All In,2014,14.9,71.3,86.2
Pain and Gain,2013,49.9,36.3,86.2
The Second Best Exotic Marigold Hotel,2015,33.1,52.9,86.0
Paper Towns,2015,32.0,53.5,85.5
Spy Kids: All the Time in the World,2011,38.5,47.0,85.5
The Possession,2012,49.1,36.3,85.4
Nerve,2016,38.6,46.7,85.3
Sicario,2015,46.9,38.0,84.9
J. Edgar,2011,37.3,47.6,84.9
Going in Style (2017),2017,45.0,39.9,84.9
Carrie (2013),2013,35.3,49.5,84.8
Robin Hood (2018),2018,30.8,54.0,84.8
The Judge,2014,47.1,37.3,84.4
What to Expect When You're Expecting,2012,41.2,43.2,84.4
Marmaduke,2010,33.6,50.1,83.7
Mortal Engines,2018,16.0,67.7,83.7
The Thieves,2012,0.686,82.8,83.486
Hall Pass,2011,45.1,38.1,83.2
Piranha 3D,2010,25.0,58.2,83.2
Rings,2017,27.8,55.3,83.1
Savages (2012),2012,47.4,35.6,83.0
How Long Will I Love U,2018,0.747,82.1,82.847
"Big Mommas: Like Father, Like Son",2011,37.9,44.8,82.7
Oceans,2010,19.4,63.2,82.6
Hitman: Agent 47,2015,22.5,59.9,82.4
Abduction,2011,28.1,54.0,82.1
Ouija: Origin of Evil,2016,35.1,46.6,81.7
A Taxi Driver,2017,1.5,80.1,81.6
Frankenweenie,2012,35.3,46.2,81.5
Act of Valor,2012,70.0,11.3,81.3
Edge of Darkness,2010,43.3,37.8,81.1
Underworld: Blood Wars,2017,30.4,50.7,81.1
Masquerade (2012),2012,0.923,79.8,80.723
Vampires Suck,2010,36.7,43.9,80.6
"Tinker, Tailor, Soldier, Spy",2011,24.1,56.5,80.6
Den of Thieves,2018,44.9,35.6,80.5
Muppets Most Wanted,2014,51.2,29.2,80.4
The Wedding Ringer,2015,64.5,15.3,79.8
Hereditary,2018,44.1,35.3,79.4
Letters to Juliet,2010,53.0,26.1,79.1
Lady Bird,2017,49.0,30.0,79.0
Manchester by the Sea,2016,47.7,31.3,79.0
Paranormal Activity: The Ghost Dimension,2015,18.3,60.6,78.9
The Boss,2016,63.3,15.6,78.9
If I Stay,2014,50.5,28.4,78.9
Scary Movie 5,2013,32.0,46.4,78.4
The Family (2013),2013,36.9,41.5,78.4
R.I.P.D.,2013,33.6,44.7,78.3
Priest,2011,29.1,49.2,78.3
Tag,2018,54.7,23.4,78.1
Shin Godzilla,2016,1.9,76.0,77.9
Tiny Times,2013,0.0235,77.7,77.7235
Sinister,2012,48.1,29.6,77.7
The Back-Up Plan,2010,37.5,40.0,77.5
The Grey,2012,51.6,25.7,77.3
Diary of a Wimpy Kid: Dog Days,2012,49.0,28.1,77.1
Mike and Dave Need Wedding Dates,2016,46.0,31.1,77.1
The Book Thief,2013,21.5,55.1,76.6
Drive (2011),2011,35.1,41.1,76.2
The Mechanic,2011,29.1,47.0,76.1
If You Are the One 2 (Fei Cheng Wu Rao II),2010,0.427,75.6,76.027
The Ides of March,2011,41.0,35.0,76.0
Widows,2018,42.4,33.6,76.0
Vice,2018,47.8,28.2,76.0
Sicario: Day of the Soldado,2018,50.1,25.8,75.9
Diary of a Wimpy Kid,2010,64.0,11.7,75.7
The Change-Up,2011,37.1,38.4,75.5
Searching,2018,26.0,49.4,75.4
The Spy Who Dumped Me,2018,33.6,41.8,75.4
Easy A,2010,58.4,16.6,75.0
The Lincoln Lawyer,2011,58.0,17.0,75.0
Boo! A Madea Halloween,2016,73.2,1.6,74.8
Crimson Peak,2015,31.1,43.6,74.7
Escape From Planet Earth,2013,57.0,17.6,74.6
August: Osage County,2013,37.7,36.5,74.2
Miracles from Heaven,2016,61.7,12.2,73.9
Hubble 3D,2010,52.4,21.5,73.9
To Rome with Love,2012,16.7,56.6,73.3
Here Comes the Boom,2012,45.3,27.8,73.1
The Best Man Holiday,2013,70.5,2.3,72.8
The Transporter Refueled,2015,16.0,56.6,72.6
Diary of a Wimpy Kid: Rodrick Rules,2011,52.7,19.7,72.4
Second Act,2018,39.3,33.0,72.3
Young Detective Dee: Rise of the Sea Dragon,2013,0.0878,72.2,72.2878
Larry Crowne,2011,35.6,36.4,72.0
Run All Night,2015,26.5,45.2,71.7
Sanju,2018,7.9,63.6,71.5
"I, Frankenstein",2014,19.1,52.1,71.2
The Counselor,2013,17.0,54.0,71.0
I Am Not Madame Bovary,2016,0.437,70.4,70.837
The Attorney,2014,0.557,70.0,70.557
Think Like a Man Too,2014,65.2,5.0,70.2
Kubo and the Two Strings,2016,48.0,21.9,69.9
The Dilemma,2011,48.5,21.2,69.7
13 Hours: The Secret Soldiers of Benghazi,2016,52.9,16.6,69.5
Finding Nemo (3D),2012,41.1,28.2,69.3
Takers,2010,57.7,11.3,69.0
Brick Mansions,2014,20.4,48.5,68.9
Anna Karenina,2012,12.8,56.1,68.9
Tales from Earthsea,2010,0.0485,68.6,68.6485
One Direction: This is Us,2013,28.9,39.7,68.6
Book Club,2018,68.6,0.0,68.6
The Call,2013,51.9,16.7,68.6
The Watch,2012,35.4,32.9,68.3
Moonrise Kingdom,2012,45.5,22.8,68.3
Stalingrad (2014),2014,1.0,67.099999,68.099999
Legion (2010),2010,40.2,27.8,68.0
The American,2010,35.6,32.299999,67.899999
War Room,2015,67.8,0.0,67.8
Son of God,2014,59.7,8.1,67.8
The Last Exorcism,2010,41.0,26.7,67.7
Jersey Boys,2014,47.0,20.6,67.6
12 Strong,2018,45.8,21.6,67.4
The Next Three Days,2010,21.1,46.3,67.4
American Assassin,2017,36.2,31.0,67.2
The Girl Who Played with Fire,2010,7.6,59.5,67.1
The Giver,2014,45.1,21.9,67.0
Tyler Perry's Madea's Witness Protection,2012,65.7,1.2,66.9
Selma,2014,52.1,14.7,66.8
Skyline,2010,21.4,45.4,66.8
The Cabin in the Woods,2012,42.1,24.4,66.5
"Love, Simon",2018,40.8,25.5,66.3
Mile 22,2018,36.1,30.2,66.3
One Piece Film: Gold,2017,0.424,65.8,66.224
Life of the Party,2018,53.1,12.8,65.9
The Age of Adaline,2015,42.6,23.0,65.6
Victoria and Abdul,2017,22.2,43.2,65.4
The Nut Job 2: Nutty by Nature,2017,28.4,36.8,65.2
Moonlight (2016),2016,27.9,37.2,65.1
God's Not Dead,2014,60.8,3.9,64.7
The Darkest Hour,2011,21.4,43.2,64.6
Hot Tub Time Machine,2010,50.3,14.3,64.6
Monster Trucks,2017,33.4,31.1,64.5
Fences,2016,57.7,6.7,64.4
Thunder and the House of Magic!,2014,0.0041,64.2,64.2041
The Danish Girl,2015,11.1,53.1,64.2
The Boy (2016),2016,35.8,28.4,64.2
Isle Of Dogs,2018,32.0,32.2,64.2
The Grandmaster,2013,6.6,57.5,64.1
Unfriended,2015,32.5,31.6,64.1
Hanna,2011,40.3,23.5,63.8
"Hail, Caesar!",2016,30.5,33.1,63.6
Footloose (2011),2011,51.8,11.7,63.5
Begin Again,2014,16.2,47.3,63.5
Side Effects (2013),2013,32.2,31.2,63.4
The Host (2013),2013,26.6,36.7,63.3
Elite Squad: The Enemy Within,2011,0.1,62.9,63.0
The Star,2017,40.9,22.0,62.9
The Longest Ride,2015,37.4,25.5,62.9
The Mountain Between Us,2017,30.3,32.5,62.8
The Nice Guys,2016,36.3,26.5,62.8
Runner Runner,2013,19.3,43.4,62.7
Devil,2010,33.6,29.1,62.7
Brooklyn,2015,38.3,23.8,62.1
Beauty and the Beast (3D),2012,47.6,14.4,62.0
Dragon Ball Z: Resurrection 'F',2015,8.0,53.8,61.8
How to be a Latin Lover,2017,32.1,29.7,61.8
"Everything, Everything",2017,34.1,27.5,61.6
Woman in Gold,2015,33.299999,28.3,61.599999
Krampus,2015,42.7,18.8,61.5
The Legend of Hercules,2014,18.8,42.4,61.2
The Walk,2015,10.1,51.0,61.1
From Up on Poppy Hill,2013,1.0,60.0,61.0
Colombiana,2011,36.7,24.3,61.0
Snatched,2017,45.9,15.0,60.9
Kick-Ass 2,2013,28.8,32.0,60.8
127 Hours,2010,18.3,42.4,60.7
Tyler Perry's Why Did I Get Married Too?,2010,60.1,0.578,60.678
Evangelion: 3.0 You Can (Not) Redo,2014,0.175,60.3,60.475
My Little Pony: The Movie,2017,21.9,38.4,60.3
Secretariat,2010,59.7,0.537,60.237
The Ghost Writer,2010,15.5,44.7,60.2
The Perfect Guy,2015,57.0,3.2,60.2
Beautiful Creatures (2013),2013,19.5,40.6,60.1
A Haunted House,2013,40.0,20.1,60.1
Something Borrowed,2011,39.0,21.1,60.1
Morning Glory,2010,31.0,29.0,60.0
Adrift,2018,31.4,28.5,59.9
Quartet,2013,18.4,41.1,59.5
Rock of Ages,2012,38.5,20.9,59.4
One Day,2011,13.8,45.5,59.3
Molly's Game,2017,28.8,30.5,59.3
The Gift (2015),2015,43.8,15.2,59.0
Beginning of the Great Revival,2011,0.151,58.2,58.351
L.O.R.D: Legend of Ravaging Dynasties,2016,0.35,57.7,58.05
Dolphin Tale 2,2014,42.0,15.8,57.8
Nine Lives (2016),2016,19.7,38.1,57.8
That's My Boy,2012,36.9,20.8,57.7
The 15:17 to Paris,2018,36.3,20.8,57.1
All the Money in the World,2017,25.1,31.9,57.0
Zoolander 2,2016,28.8,27.9,56.7
Killer Elite,2011,25.1,31.3,56.4
The Big Sick,2017,42.9,13.5,56.4
The Odd Life of Timothy Green,2012,51.9,4.2,56.1
Remember Me,2010,19.1,37.0,56.1
Confidential Assignment,2017,0.476,55.5,55.976
Cop Out,2010,44.9,10.7,55.6
Dallas Buyers Club,2013,27.3,27.9,55.2
Extremely Loud & Incredibly Close,2011,31.8,23.4,55.2
Barbershop: The Next Cut,2016,54.0,1.0,55.0
Downsizing,2017,24.4,30.6,55.0
The Crazies,2010,39.1,15.7,54.8
St. Vincent,2014,44.1,10.7,54.8
The Three Stooges,2012,44.3,10.5,54.8
Early Man,2018,8.3,46.4,54.7
The Face Reader,2013,0.516,54.1,54.616
No Escape,2015,27.3,27.1,54.4
The Tree of Life,2011,13.3,41.0,54.3
No Good Deed (2014),2014,52.5,1.8,54.3
Tyler Perry's Madea's Big Happy Family,2011,53.3,0.816,54.116
"I, Tonya",2017,30.0,23.9,53.9
The Five-Year Engagement,2012,28.8,25.1,53.9
Peppermint,2018,35.4,18.4,53.8
Lawless,2012,37.4,16.3,53.7
Tyler Perry's A Madea Christmas,2013,52.5,0.853,53.353
Tyler Perry's Temptation: Confessions of a Marriage Counselor,2013,52.0,1.2,53.2
A Walk Among the Tombstones,2014,26.3,26.9,53.2
From Paris with Love,2010,24.1,28.7,52.8
Sinister 2,2015,27.7,25.1,52.8
Prem Ratan Dhan Payo,2015,4.4,48.2,52.6
3 Days to Kill,2014,30.7,21.9,52.6
Wild (2014),2014,37.9,14.6,52.5
The Boy Next Door,2015,35.4,17.0,52.4
Silent Hill: Revelation 3D,2012,17.5,34.8,52.3
The Night Before,2015,43.0,9.3,52.3
The Finest Hours,2016,27.6,24.5,52.1
Teen Titans Go! To The Movies,2018,29.8,22.3,52.1
Slender Man,2018,30.6,21.2,51.8
Detective Dee and the Mystery of the Phantom Flame,2011,0.46,51.3,51.76
Hot Pursuit,2015,34.6,17.1,51.7
Master,2016,0.597,51.0,51.597
Daybreakers,2010,30.1,21.3,51.4
Breaking In (2018),2018,46.8,4.6,51.4
The 100-Year Old Man Who Climbed Out the Window and Disappeared,2015,0.944,50.2,51.144
Magic in the Moonlight,2014,10.5,40.5,51.0
Patriots Day,2016,31.9,18.7,50.6
Alpha and Omega,2010,25.1,25.4,50.5
Once Upon a Deadpool,2018,6.1,44.4,50.5
The Himalayas,2015,0.697,49.8,50.497
Dragon Ball Z: Battle of Gods,2014,2.6,47.8,50.4
Red Tails,2012,49.9,0.489,50.389
"Monsters, Inc. (3D)",2012,34.0,16.2,50.2
Delivery Man,2013,30.7,19.3,50.0
